token_1,token_2,cosine_similarity
f,p,0.9984976456414848
f,r,0.9301129695121201
e,s,0.9249770325059546
p,r,0.9198539982805088
e,r,0.9120713006723846
r,s,0.8883168415706558
f,s,0.8264588272033518
p,s,0.8109665081426873
l,s,0.7937936636317224
i,l,0.7871030926051178
l,p,0.7545082317499217
f,l,0.736646984466788
e,f,0.7310164754558615
e,p,0.7138797201673417
l,r,0.6970381223879841
e,l,0.6856929424182521
i,s,0.5232743971315783
i,p,0.334369059302384
f,i,0.3160118247157761
e,i,0.28549567825340544
i,r,0.19843716599851377
