report_id,section,sentence_id,sentence
ZH-001,Presentation,ZH-001-S01,The patient presents with paralysis.
ZH-001,Presentation,ZH-001-S02,Findings include yellow tinted tongue.
ZH-001,General Examination,ZH-001-S03,Every member is in its place.
ZH-001,Negative Findings,ZH-001-S04,The patient denies trembling on the little finger.
ZH-001,Laboratory Analysis,ZH-001-S05,Blood analysis identified Cyanobacterium zumbi.
ZH-001,Clinical History,ZH-001-S06,The patient denies previous viral infectious process.
ZH-001,Social History,ZH-001-S07,The patient watched a pillow fight in the waiting room.
ZH-001,Assessment,ZH-001-S08,Clinical impression: infection of bacterial origin.
ZH-001,Assessment,ZH-001-S09,No evidence of bite deficit.
ZH-002,Presentation,ZH-002-S01,Findings include yellowish tongue.
ZH-002,General Examination,ZH-002-S02,"Stethoscope on the chest detects no heartbeat, as expected."
ZH-002,Negative Findings,ZH-002-S03,Examination reveals no severe anger.
ZH-002,Negative Findings,ZH-002-S04,The patient presents without tremor in the little finger.
ZH-002,Laboratory Analysis,ZH-002-S05,Blood culture is positive for Cyanobacterium zumbi.
ZH-002,Clinical History,ZH-002-S06,No history of deficit caused by bite.
ZH-002,Social History,ZH-002-S07,The patient escaped from animal control twice.
ZH-002,Assessment,ZH-002-S08,Clinical impression: bacterial infectious process.
ZH-003,Presentation,ZH-003-S01,The patient reports yellow tinted tongue.
ZH-003,Presentation,ZH-003-S02,The patient presents with tremor in the little finger.
ZH-003,General Examination,ZH-003-S03,"The patient feels little pain, as usual for zombies."
ZH-003,Negative Findings,ZH-003-S04,The patient denies paralyzed limbs.
ZH-003,Negative Findings,ZH-003-S05,Absence of chest pain.
ZH-003,Laboratory Analysis,ZH-003-S06,Laboratory tests did not identify any pathogen.
ZH-003,Clinical History,ZH-003-S07,Previous diagnosis of infection of bacterial origin.
ZH-003,Social History,ZH-003-S08,The caretaker expressed anger over the parking fees.
ZH-003,Assessment,ZH-003-S09,Diagnosis: bite deficit.
ZH-003,Assessment,ZH-003-S10,No evidence of viral infectious process.
ZH-004,Presentation,ZH-004-S01,Findings include member loss.
ZH-004,Presentation,ZH-004-S02,Examination reveals yellowish tongue.
ZH-004,Presentation,ZH-004-S03,Findings include shaking of the pinky finger.
ZH-004,General Examination,ZH-004-S04,"Mild anger when hungry, which is normal."
ZH-004,General Examination,ZH-004-S05,"Stethoscope on the chest detects no heartbeat, as expected."
ZH-004,Negative Findings,ZH-004-S06,No signs of thoracic discomfort.
ZH-004,Negative Findings,ZH-004-S07,The patient denies paralysis.
ZH-004,Laboratory Analysis,ZH-004-S08,Blood analysis returned no relevant findings.
ZH-004,Clinical History,ZH-004-S09,The patient has a history of infection of bacterial origin.
ZH-004,Social History,ZH-004-S10,The patient watched a pillow fight in the waiting room.
ZH-004,Social History,ZH-004-S11,The caretaker has a sharp tongue.
ZH-004,Assessment,ZH-004-S12,The patient was diagnosed with bite deficit.
ZH-004,Assessment,ZH-004-S13,No evidence of altercation injury.
ZH-005,Presentation,ZH-005-S01,Findings include pain in the chest.
ZH-005,Presentation,ZH-005-S02,The patient reports missing limb.
ZH-005,General Examination,ZH-005-S03,Tongue color: green.
ZH-005,General Examination,ZH-005-S04,Motor control is preserved.
ZH-005,Negative Findings,ZH-005-S05,Absence of acute rage attacks.
ZH-005,Negative Findings,ZH-005-S06,The patient denies yellow tinted tongue.
ZH-005,Laboratory Analysis,ZH-005-S07,Laboratory tests isolated Deltaretrovirus zumbi.
ZH-005,Clinical History,ZH-005-S08,No previous diagnosis was recorded.
ZH-005,Social History,ZH-005-S09,The patient arrived wearing a yellow raincoat.
ZH-005,Social History,ZH-005-S10,The patient keeps spare brains in a wooden chest.
ZH-005,Assessment,ZH-005-S11,Findings are consistent with infection of viral origin.
ZH-005,Assessment,ZH-005-S12,Negative for fight related trauma.
ZH-006,Presentation,ZH-006-S01,The patient reports limb loss.
ZH-006,Presentation,ZH-006-S02,The patient presents with intense anger episodes.
ZH-006,General Examination,ZH-006-S03,"The tongue is dry and rough, typical of the species."
ZH-006,Negative Findings,ZH-006-S04,Absence of shaking of the pinky finger.
ZH-006,Laboratory Analysis,ZH-006-S05,Blood analysis returned no relevant findings.
ZH-006,Clinical History,ZH-006-S06,No previous diagnosis was recorded.
ZH-006,Social History,ZH-006-S07,The patient sticks out the tongue at the nurses.
ZH-006,Social History,ZH-006-S08,The patient is a member of the downtown horde.
ZH-006,Assessment,ZH-006-S09,Diagnosis: fight injury.
ZH-006,Assessment,ZH-006-S10,No evidence of deficit caused by bite.
ZH-007,Presentation,ZH-007-S01,Findings include severe anger.
ZH-007,General Examination,ZH-007-S02,"Limbs move slowly, as usual for zombies."
ZH-007,Negative Findings,ZH-007-S03,Absence of missing limb.
ZH-007,Laboratory Analysis,ZH-007-S04,Blood analysis returned no relevant findings.
ZH-007,Clinical History,ZH-007-S05,No previous diagnosis was recorded.
ZH-007,Social History,ZH-007-S06,The caretaker has a sharp tongue.
ZH-007,Assessment,ZH-007-S07,No diagnosis was established.
ZH-007,Assessment,ZH-007-S08,The team ruled out fight injury.
ZH-008,Presentation,ZH-008-S01,Examination reveals tremor in the little finger.
ZH-008,General Examination,ZH-008-S02,The patient shows a healthy green tongue.
ZH-008,Negative Findings,ZH-008-S03,The patient denies yellow tinted tongue.
ZH-008,Negative Findings,ZH-008-S04,Examination reveals no loss of motor control.
ZH-008,Laboratory Analysis,ZH-008-S05,Laboratory tests did not identify any pathogen.
ZH-008,Clinical History,ZH-008-S06,History of bacterial infectious process.
ZH-008,Social History,ZH-008-S07,A video of the patient dancing went viral.
ZH-008,Social History,ZH-008-S08,Favorite snack: finger food.
ZH-008,Assessment,ZH-008-S09,Clinical impression: deficit caused by bite.
ZH-008,Assessment,ZH-008-S10,The team ruled out infection of bacterial origin.
ZH-009,Presentation,ZH-009-S01,The patient reports yellow tinted tongue.
ZH-009,Presentation,ZH-009-S02,Findings include thoracic discomfort.
ZH-009,General Examination,ZH-009-S03,"Pinky finger nails are long and dirty, which is normal."
ZH-009,General Examination,ZH-009-S04,Every member is in its place.
ZH-009,Negative Findings,ZH-009-S05,The patient presents without paralyzed limbs.
ZH-009,Laboratory Analysis,ZH-009-S06,Blood culture is positive for Cyanobacterium zumbi.
ZH-009,Clinical History,ZH-009-S07,The patient denies previous bite related deficit.
ZH-009,Social History,ZH-009-S08,The caretaker received a leaflet about infection prevention.
ZH-009,Assessment,ZH-009-S09,Findings are consistent with bacterial infectious process.
ZH-010,Presentation,ZH-010-S01,Signs of pain in the chest are evident.
ZH-010,General Examination,ZH-010-S02,The patient shows a healthy green tongue.
ZH-010,General Examination,ZH-010-S03,"Mild anger when hungry, which is normal."
ZH-010,Negative Findings,ZH-010-S04,No signs of yellow tongue.
ZH-010,Laboratory Analysis,ZH-010-S05,Laboratory tests isolated Deltaretrovirus zumbi.
ZH-010,Clinical History,ZH-010-S06,No previous diagnosis was recorded.
ZH-010,Social History,ZH-010-S07,The patient keeps spare brains in a wooden chest.
ZH-010,Social History,ZH-010-S08,Mother tongue: Zombish.
ZH-010,Assessment,ZH-010-S09,The patient was diagnosed with infection of viral origin.
ZH-011,Presentation,ZH-011-S01,Signs of missing limb are evident.
ZH-011,Presentation,ZH-011-S02,The patient presents with yellow tongue.
ZH-011,General Examination,ZH-011-S03,"Limbs move slowly, as usual for zombies."
ZH-011,Negative Findings,ZH-011-S04,Absence of shaking of the pinky finger.
ZH-011,Laboratory Analysis,ZH-011-S05,Blood analysis returned no relevant findings.
ZH-011,Clinical History,ZH-011-S06,History of infection of bacterial origin.
ZH-011,Social History,ZH-011-S07,The patient speaks in a strange tongue.
ZH-011,Social History,ZH-011-S08,Mother tongue: Zombish.
ZH-011,Assessment,ZH-011-S09,Clinical impression: bite related deficit.
ZH-012,Presentation,ZH-012-S01,Examination reveals loss of motor control.
ZH-012,Presentation,ZH-012-S02,Examination reveals yellow tongue.
ZH-012,General Examination,ZH-012-S03,Bite force is normal for the species.
ZH-012,General Examination,ZH-012-S04,Each limb is firmly attached.
ZH-012,Negative Findings,ZH-012-S05,The patient is free of shaking of the pinky finger.
ZH-012,Negative Findings,ZH-012-S06,Absence of pain in the chest.
ZH-012,Laboratory Analysis,ZH-012-S07,Blood culture is positive for Cyanobacterium zumbi.
ZH-012,Clinical History,ZH-012-S08,No previous diagnosis was recorded.
ZH-012,Social History,ZH-012-S09,The caretaker says the patient is a pain to feed.
ZH-012,Assessment,ZH-012-S10,Clinical impression: bacterial infection.
ZH-013,Presentation,ZH-013-S01,Findings include pain in the chest.
ZH-013,General Examination,ZH-013-S02,Motor control is preserved.
ZH-013,General Examination,ZH-013-S03,Bite force is normal for the species.
ZH-013,Negative Findings,ZH-013-S04,Absence of shaking of the pinky finger.
ZH-013,Negative Findings,ZH-013-S05,The patient denies yellowish tongue.
ZH-013,Laboratory Analysis,ZH-013-S06,Laboratory tests isolated Deltaretrovirus zumbi.
ZH-013,Clinical History,ZH-013-S07,The patient denies previous bacterial infection.
ZH-013,Social History,ZH-013-S08,The patient watched a pillow fight in the waiting room.
ZH-013,Assessment,ZH-013-S09,The patient was diagnosed with viral infection.
ZH-014,Presentation,ZH-014-S01,Examination reveals limb loss.
ZH-014,General Examination,ZH-014-S02,"Limbs move slowly, as usual for zombies."
ZH-014,General Examination,ZH-014-S03,The little finger is stiff and grey.
ZH-014,Negative Findings,ZH-014-S04,No signs of trembling on the little finger.
ZH-014,Negative Findings,ZH-014-S05,The patient presents without yellowish tongue.
ZH-014,Laboratory Analysis,ZH-014-S06,Blood analysis returned no relevant findings.
ZH-014,Clinical History,ZH-014-S07,The patient denies previous bacterial infectious process.
ZH-014,Social History,ZH-014-S08,The patient sticks out the tongue at the nurses.
ZH-014,Social History,ZH-014-S09,The patient speaks in a strange tongue.
ZH-014,Assessment,ZH-014-S10,Diagnosis: fight related trauma.
ZH-015,Presentation,ZH-015-S01,Findings include yellow tongue.
ZH-015,Presentation,ZH-015-S02,The patient presents with trembling on the little finger.
ZH-015,General Examination,ZH-015-S03,"Mild anger when hungry, which is normal."
ZH-015,Negative Findings,ZH-015-S04,No signs of intense anger episodes.
ZH-015,Negative Findings,ZH-015-S05,The patient presents without limb loss.
ZH-015,Laboratory Analysis,ZH-015-S06,Laboratory tests did not identify any pathogen.
ZH-015,Clinical History,ZH-015-S07,Previous diagnosis of bacterial infectious process.
ZH-015,Social History,ZH-015-S08,Mother tongue: Zombish.
ZH-015,Assessment,ZH-015-S09,Findings are consistent with bite related deficit.
ZH-015,Assessment,ZH-015-S10,No evidence of bacterial infection.
ZH-016,Presentation,ZH-016-S01,Examination reveals missing limb.
ZH-016,Presentation,ZH-016-S02,The patient reports yellow tongue.
ZH-016,Presentation,ZH-016-S03,Findings include shaking of the pinky finger.
ZH-016,General Examination,ZH-016-S04,"Mild anger when hungry, which is normal."
ZH-016,Negative Findings,ZH-016-S05,Absence of paralysis.
ZH-016,Laboratory Analysis,ZH-016-S06,Blood analysis returned no relevant findings.
ZH-016,Clinical History,ZH-016-S07,The patient has a history of bacterial infection.
ZH-016,Social History,ZH-016-S08,The patient keeps spare brains in a wooden chest.
ZH-016,Assessment,ZH-016-S09,Findings are consistent with bite deficit.
ZH-016,Assessment,ZH-016-S10,The team ruled out viral infection.
ZH-017,Presentation,ZH-017-S01,Signs of thoracic discomfort are evident.
ZH-017,General Examination,ZH-017-S02,Anger level is low for a zombie.
ZH-017,Negative Findings,ZH-017-S03,The patient is free of yellow tinted tongue.
ZH-017,Negative Findings,ZH-017-S04,No signs of severe anger.
ZH-017,Laboratory Analysis,ZH-017-S05,No pathogen was isolated in the blood analysis.
ZH-017,Clinical History,ZH-017-S06,The patient denies previous bacterial infection.
ZH-017,Social History,ZH-017-S07,The caretaker has a sharp tongue.
ZH-017,Social History,ZH-017-S08,The patient watched a pillow fight in the waiting room.
ZH-017,Assessment,ZH-017-S09,Findings are consistent with fight injury.
ZH-017,Assessment,ZH-017-S10,Negative for infection of bacterial origin.
ZH-018,Presentation,ZH-018-S01,Signs of yellowish tongue are evident.
ZH-018,General Examination,ZH-018-S02,Every member is in its place.
ZH-018,Negative Findings,ZH-018-S03,The patient presents without chest pain.
ZH-018,Laboratory Analysis,ZH-018-S04,Laboratory tests isolated Cyanobacterium zumbi.
ZH-018,Clinical History,ZH-018-S05,No history of altercation injury.
ZH-018,Social History,ZH-018-S06,The patient is a member of the downtown horde.
ZH-018,Social History,ZH-018-S07,The patient sticks out the tongue at the nurses.
ZH-018,Assessment,ZH-018-S08,Diagnosis: infection of bacterial origin.
ZH-018,Assessment,ZH-018-S09,No evidence of bite related deficit.
ZH-019,Presentation,ZH-019-S01,The patient reports tremor in the little finger.
ZH-019,General Examination,ZH-019-S02,"A grey coating covers the tongue, which is normal."
ZH-019,Negative Findings,ZH-019-S03,The patient is free of loss of motor control.
ZH-019,Negative Findings,ZH-019-S04,No signs of yellow tinted tongue.
ZH-019,Laboratory Analysis,ZH-019-S05,Laboratory tests did not identify any pathogen.
ZH-019,Clinical History,ZH-019-S06,History of infection of bacterial origin.
ZH-019,Social History,ZH-019-S07,The caretaker has a sharp tongue.
ZH-019,Assessment,ZH-019-S08,Clinical impression: bite related deficit.
ZH-019,Assessment,ZH-019-S09,Negative for bacterial infectious process.
